word,frequency
course,255
equivalent,165
university,160
analysis,157
carleton,157
topics,130
management,129
research,123
systems,117
data,115
theory,94
applications,93
methods,89
business,83
techniques,81
development,81
design,80
social,79
comp,76
functions,74
models,73
introduction,70
include,66
issues,65
math,64
psychology,62
current,60
study,57
theorem,57
linear,54
project,53
students,52
concepts,52
including,50
satisfactory,50
based,49
problems,48
mat,47
planning,45
information,44
behaviour,44
evaluation,44
selected,44
cognitive,44
programming,43
exam,43
software,41
equations,41
review,40
learning,40
human,39
organization,37
work,37
advanced,37
year,37
decision,36
non,36
networks,36
psychological,35
graded,35
organizations,34
marketing,34
statistical,34
strategies,34
time,34
international,34
program,34
algorithms,34
processes,33
security,33
financial,32
computer,32
principles,32
de,32
distributed,32
communication,31
theoretical,31
integration,31
language,31
differential,31
basic,30
assessment,30
content,30
control,29
modules,29
student,28
system,28
performance,28
modeling,28
process,28
major,28
ns,28
spaces,28
accounting,27
emphasis,27
related,27
health,27
web,27
strategy,26
behavioural,26
series,26
case,25
context,25
technology,25
organizational,25
studies,25
aspects,25
courses,25
critical,25
examination,25
real,24
making,24
using,24
probability,24
regression,24
structure,24
relations,24
change,24
eg,24
solving,23
corporate,23
tools,23
estimation,23
programs,23
risk,23
fundamental,23
seminars,23
application,23
one,23
knowledge,22
role,22
physical,22
problem,22
general,22
derivatives,22
implementation,22
strategic,21
approaches,21
tests,21
services,21
academic,21
may,21
contemporary,21
used,20
public,20
specific,20
focus,20
normal,20
quality,20
product,20
simulation,20
projects,20
professor,20
overview,20
stat,20
method,19
use,19
income,19
skills,19
selection,19
part,19
e,19
practical,19
optimization,19
logic,19
must,18
various,18
intelligence,18
practices,18
capital,18
requirements,18
perspective,18
groups,18
applied,18
portfolio,18
technologies,18
object,18
memory,18
languages,18
ethical,17
variables,17
distribution,17
testing,17
multiple,17
decisions,17
markets,17
chain,17
global,17
analytics,17
complex,17
elements,17
two,17
structures,17
oriented,17
life,17
sciences,17
sleep,17
professors,17
graphs,17
particular,16
within,16
economic,16
areas,16
service,16
random,16
model,16
group,16
training,16
term,16
relationships,16
different,16
supply,16
formal,16
intervention,16
covers,16
processing,16
treatment,16
algebra,16
theorems,16
well,15
distributions,15
concept,15
cost,15
value,15
environment,15
mental,15
written,15
examples,15
plan,15
theories,15
activities,15
function,15
mobile,15
teach,15
types,15
area,15
graduate,15
experimental,15
designs,15
fields,15
des,15
vector,15
integrals,15
algebraic,15
final,15
numbers,14
support,14
operations,14
interpretation,14
statistics,14
experience,14
motivation,14
culture,14
solution,14
covered,14
expected,14
underlying,14
competitive,14
market,14
attention,14
practice,14
field,14
interest,14
measurement,14
computing,14
new,14
commerce,14
point,14
inference,14
calculus,14
finite,14
geometry,14
sets,14
mathematics,14
resources,13
mechanisms,13
policy,13
parametric,13
extensions,13
power,13
relevant,13
order,13
classification,13
trees,13
profit,13
equity,13
units,13
combined,13
large,13
empirical,13
associated,13
measures,13
children,13
disorders,13
properties,13
les,13
algorithm,13
csi,13
ethics,12
private,12
central,12
valuation,12
validation,12
identification,12
pricing,12
trends,12
solutions,12
presentation,12
school,12
likelihood,12
network,12
component,12
sampling,12
cannot,12
personality,12
family,12
et,12
geometric,12
rule,12
computational,12
modelling,12
search,12
databases,11
policies,11
promotion,11
resource,11
products,11
standard,11
adm,11
studied,11
paradigms,11
managing,11
impact,11
big,11
values,11
canadian,11
professional,11
protocols,11
government,11
limit,11
database,11
engineering,11
packages,11
multi,11
test,11
sexual,11
registration,11
approved,11
architectures,11
la,11
integral,11
discrete,11
mathematical,11
chosen,11
rings,11
semantics,11
parallel,11
managers,10
managerial,10
approach,10
world,10
level,10
functional,10
formulation,10
hands,10
procedures,10
modern,10
forecasting,10
mining,10
clustering,10
relationship,10
main,10
etc,10
special,10
advertising,10
media,10
industrial,10
individual,10
variance,10
privacy,10
preparation,10
cases,10
internet,10
digital,10
wireless,10
supervision,10
foundations,10
image,10
interventions,10
historical,10
cognition,10
community,10
du,10
partial,10
numerical,10
convergence,10
operators,10
bayesian,10
hilbert,10
complexity,10
responsibility,9
statements,9
understanding,9
hypothesis,9
simple,9
characteristics,9
evolution,9
job,9
enterprise,9
across,9
dynamic,9
discussion,9
relation,9
internal,9
pay,9
tax,9
property,9
personal,9
clinical,9
acquisition,9
competition,9
literature,9
framework,9
behaviours,9
intellectual,9
differences,9
three,9
limited,9
paper,9
faculty,9
topic,9
influence,9
production,9
interaction,9
report,9
perception,9
biological,9
construction,9
error,9
scientific,9
recognition,9
sur,9
approximation,9
detection,9
classical,9
families,9
elementary,9
sequences,9
maximum,9
verification,9
pattern,9
fault,9
environments,8
address,8
sales,8
finance,8
results,8
descriptive,8
exponential,8
andor,8
entrepreneurship,8
leadership,8
administration,8
legal,8
via,8
legislation,8
sample,8
multivariate,8
depth,8
career,8
includes,8
definition,8
auditing,8
securities,8
foreign,8
law,8
high,8
participation,8
class,8
frameworks,8
small,8
rate,8
usability,8
differentiation,8
science,8
cycle,8
factor,8
derivative,8
child,8
laboratory,8
cross,8
period,8
brain,8
psychologie,8
thesis,8
devices,8
discussed,8
trigonometric,8
proofs,8
graph,8
set,8
line,8
number,8
fourier,8
combinatorial,8
algebras,8
markov,8
tables,8
learn,7
leading,7
changing,7
governance,7
sustainability,7
representation,7
measure,7
correlation,7
square,7
reporting,7
working,7
individuals,7
electronic,7
communications,7
warehousing,7
cultural,7
recent,7
external,7
labour,7
implications,7
society,7
efficient,7
complete,7
credits,7
basis,7
investment,7
emerging,7
methodology,7
opportunities,7
needs,7
developing,7
economy,7
self,7
challenges,7
regular,7
lectures,7
first,7
way,7
effectiveness,7
potential,7
option,7
comprehensive,7
flow,7
sector,7
local,7
semester,7
internship,7
choice,7
conceptual,7
dimensions,7
video,7
bases,7
findings,7
seminar,7
several,7
therapeutic,7
childhood,7
physiological,7
factors,7
reasoning,7
directed,7
modalities,7
syndromes,7
forms,7
hour,7
unit,7
neuroscience,7
dans,7
à,7
en,7
survey,7
semantic,7
file,7
matrix,7
matrices,7
polynomial,7
rational,7
space,7
topology,7
compactness,7
lemma,7
cryptography,7
machine,7
routing,7
animation,7
socio,6
political,6
operational,6
customer,6
women,6
important,6
conflict,6
budgeting,6
statement,6
items,6
long,6
financing,6
trade,6
levels,6
stage,6
co,6
op,6
nature,6
flows,6
integrated,6
readings,6
patterns,6
questions,6
team,6
consumer,6
firms,6
computers,6
given,6
principal,6
audit,6
instruments,6
fixed,6
second,6
exchange,6
vary,6
methodologies,6
collection,6
least,6
risks,6
direct,6
standards,6
required,6
free,6
options,6
virtual,6
average,6
place,6
carried,6
guidance,6
laws,6
bi,6
continuity,6
future,6
covariance,6
effects,6
goals,6
curves,6
r,6
higher,6
sensory,6
emotional,6
interpersonal,6
format,6
depending,6
methodological,6
norms,6
psychopathology,6
psychotherapy,6
reliability,6
projective,6
spatial,6
natural,6
computation,6
determinants,6
apply,6
clients,6
parents,6
traditions,6
développement,6
compétences,6
professionnelles,6
partie,6
dun,6
satisfaisant,6
analytic,6
evoked,6
spectral,6
independence,6
additional,6
completeness,6
surfaces,6
maps,6
points,6
basics,6
counting,6
proof,6
surface,6
arithmetic,6
generating,6
conditional,6
independent,6
continuous,6
expectation,6
nonlinear,6
manifolds,6
stochastic,6
matching,6
pdes,6
asymptotic,6
quantum,6
compression,6
concurrency,6
operating,6
retrieval,6
material,5
introduced,5
technological,5
collaborative,5
firm,5
structured,5
allocation,5
poisson,5
confidence,5
intervals,5
qualitative,5
entrepreneurial,5
segmentation,5
involving,5
events,5
dynamics,5
staffing,5
appraisal,5
collective,5
available,5
short,5
key,5
develop,5
oral,5
presentations,5
coop,5
sectors,5
inventory,5
materials,5
neural,5
writing,5
sources,5
also,5
intercultural,5
rights,5
light,5
experiments,5
compensation,5
comparisons,5
asset,5
investments,5
funds,5
module,5
end,5
administrative,5
reserved,5
core,5
traditional,5
themes,5
opportunity,5
upon,5
stages,5
multinational,5
perspectives,5
range,5
businesses,5
facing,5
scale,5
present,5
setting,5
futures,5
societal,5
estate,5
queuing,5
supervised,5
open,5
location,5
concurrent,5
post,5
economics,5
dealing,5
link,5
prevention,5
protection,5
maintenance,5
linguistic,5
curve,5
developmental,5
protocol,5
neurophysiology,5
neuroanatomy,5
perceptual,5
experiences,5
separation,5
multicultural,5
components,5
notions,5
item,5
normative,5
following,5
formation,5
adults,5
consultation,5
critique,5
recherche,5
publication,5
ou,5
therapy,5
roots,5
medical,5
potentials,5
display,5
interactive,5
psychophysiological,5
presented,5
equation,5
limits,5
eigenvalues,5
eigenvectors,5
plane,5
taken,5
vectors,5
representations,5
projections,5
form,5
isomorphism,5
cycles,5
integers,5
ordinary,5
decomposition,5
axioms,5
ideals,5
binary,5
block,5
lebesgue,5
nullstellensatz,5
tensor,5
dimensional,5
varieties,5
ratio,5
optimal,5
authentication,5
generation,5
c,5
np,5
access,5
recovery,5
artificial,5
secure,5
details,5
visual,5
tolerance,5
ai,5
category,5
provides,4
necessary,4
controlling,4
oversee,4
logical,4
choices,4
applicable,4
uniform,4
lab,4
chi,4
forward,4
determination,4
costs,4
agency,4
infrastructure,4
effective,4
implementing,4
manufacturing,4
success,4
roles,4
probabilistic,4
scoring,4
analyzed,4
diversity,4
concerns,4
ie,4
exploratory,4
causal,4
surveys,4
employment,4
outcomes,4
taxable,4
taxes,4
objectives,4
evidence,4
liability,4
addressed,4
bond,4
foundation,4
common,4
acquired,4
systemic,4
competitions,4
committee,4
substitution,4
diffusion,4
appropriate,4
quantitative,4
analytical,4
brief,4
innovation,4
discovery,4
others,4
attitudes,4
action,4
joint,4
promotional,4
primary,4
detailed,4
teams,4
best,4
plans,4
essential,4
take,4
workplace,4
populations,4
profession,4
currency,4
contracts,4
swaps,4
among,4
driven,4
transport,4
practicum,4
hours,4
grade,4
contingency,4
scheduling,4
incomplete,4
iterative,4
streaming,4
advances,4
inter,4
reduction,4
outside,4
smart,4
structural,4
discriminant,4
force,4
conditions,4
initial,4
execution,4
comparison,4
drugs,4
duality,4
consciousness,4
thought,4
aggression,4
dying,4
consequences,4
conditioning,4
adolescence,4
philosophical,4
gender,4
sexuality,4
abuse,4
coping,4
schools,4
domain,4
psychosocial,4
psychometric,4
validity,4
abilities,4
adolescents,4
director,4
history,4
factorial,4
staff,4
teachers,4
projet,4
eeg,4
recording,4
timing,4
stress,4
domains,4
researchers,4
pertain,4
construct,4
consistency,4
purposes,4
answers,4
parts,4
simulations,4
sleeping,4
episodes,4
neurophysiological,4
correlates,4
phenomenon,4
dreaming,4
codes,4
improper,4
tangent,4
polynomials,4
inverse,4
finding,4
newton,4
planes,4
lines,4
stability,4
sums,4
schmidt,4
orthogonal,4
propositional,4
permutations,4
induction,4
n,4
existence,4
riemann,4
mappings,4
symmetric,4
laplace,4
squares,4
affine,4
predicate,4
weak,4
logistic,4
bootstrap,4
tree,4
cluster,4
randomized,4
response,4
banach,4
elliptic,4
localization,4
density,4
ring,4
galois,4
topological,4
homology,4
paths,4
colouring,4
motion,4
minimum,4
dimension,4
factorization,4
lambda,4
layer,4
bound,4
cours,4
est,4
relational,4
automata,4
query,4
agents,4
encryption,4
graphics,4
user,4
metrics,4
algorithmic,4
ad,4
hoc,4
elg,4
watermarking,4
manage,3
organizing,3
commercial,3
addressing,3
lobbying,3
placed,3
tactical,3
efficiency,3
moving,3
environmental,3
affecting,3
satisfaction,3
bargaining,3
assets,3
arbitrage,3
requirement,3
logistics,3
prescriptive,3
tasks,3
association,3
rules,3
building,3
emphasizes,3
diagnostic,3
contexts,3
comparative,3
countries,3
charter,3
involved,3
primarily,3
goods,3
gathering,3
criteria,3
succession,3
union,3
employer,3
employee,3
regulating,3
benefits,3
federal,3
relates,3
calculation,3
payable,3
dividend,3
mergers,3
acquisitions,3
rates,3
made,3
throughout,3
remainder,3
completion,3
ii,3
transaction,3
contract,3
healthcare,3
cloud,3
feasibility,3
assessments,3
technical,3
variety,3
admission,3
exposure,3
scope,3
minor,3
growth,3
top,3
face,3
companies,3
enterprises,3
corporations,3
national,3
poverty,3
mix,3
wide,3
selling,3
professionals,3
agent,3
client,3
consulting,3
need,3
alignment,3
improve,3
assurance,3
automated,3
specialized,3
combinations,3
index,3
behavior,3
settings,3
fundamentals,3
pages,3
entry,3
department,3
day,3
per,3
week,3
submit,3
interested,3
education,3
extensive,3
select,3
investigate,3
type,3
errors,3
governing,3
facility,3
adaptive,3
distance,3
collaboration,3
right,3
supporting,3
integrating,3
erp,3
industry,3
tool,3
sharing,3
canada,3
similarities,3
divided,3
actions,3
solve,3
transactions,3
importance,3
executive,3
delivery,3
integer,3
www,3
abnormal,3
frequency,3
trend,3
neurochemical,3
death,3
times,3
exercises,3
motivated,3
concerning,3
balancing,3
interactions,3
pharmacology,3
classes,3
epidemiology,3
features,3
aspect,3
undertake,3
animal,3
parental,3
mate,3
cooperation,3
neuropsychology,3
enrolled,3
honours,3
orientations,3
assumptions,3
mean,3
log,3
analyses,3
canonical,3
accompanied,3
examining,3
neuropsychological,3
functioning,3
four,3
socialcommunity,3
workshops,3
possibilities,3
étude,3
contemporaines,3
approches,3
méthodologiques,3
psychologiques,3
partir,3
plusieurs,3
activités,3
classe,3
comprennent,3
conférences,3
chacun,3
nos,3
quatre,3
domaines,3
détude,3
neurosciences,3
comportement,3
socialecommunautaire,3
portant,3
ateliers,3
possibilités,3
carrière,3
intended,3
relevance,3
professeurs,3
le,3
noté,3
confirmatory,3
example,3
posed,3
lexical,3
targeted,3
assignments,3
disabilities,3
seminarstutorials,3
deal,3
couples,3
members,3
difference,3
gradient,3
directional,3
extreme,3
logarithms,3
exponentials,3
absolute,3
composition,3
instantaneous,3
minima,3
count,3
implicit,3
separable,3
taylors,3
dynamical,3
radical,3
elimination,3
gram,3
transformations,3
kernel,3
principle,3
package,3
fubinis,3
greens,3
borel,3
dual,3
subgroups,3
homomorphisms,3
finitely,3
generated,3
gauss,3
transforms,3
singular,3
simplex,3
euclidean,3
axiomatic,3
categorical,3
connectedness,3
modes,3
invariant,3
planar,3
countability,3
riemannian,3
euler,3
transcendental,3
generalized,3
jordan,3
hamilton,3
bayes,3
latin,3
fractional,3
lp,3
variational,3
noetherian,3
semisimple,3
exact,3
lie,3
closed,3
topologies,3
commutative,3
hilberts,3
recursive,3
modular,3
sufficiency,3
neyman,3
pearson,3
hidden,3
martingales,3
brownian,3
machines,3
resampling,3
smoothing,3
perturbation,3
normalization,3
denotational,3
significance,3
visualization,3
unsupervised,3
lower,3
transform,3
wavelet,3
session,3
syllabus,3
correctness,3
imperative,3
manipulation,3
hardware,3
syntactic,3
description,3
objects,3
servers,3
architecture,3
ontologies,3
message,3
tolerant,3
code,3
dna,3
searching,3
interface,3
genetic,3
task,3
multiprocessor,3
rendering,3
synchronization,3
could,3
passed,3
effectively,2
constitutes,2
art,2
situates,2
distinguish,2
properly,2
utilize,2
confrontational,2
join,2
civic,2
predicaments,2
arise,2
introduces,2
communicating,2
estimates,2
affect,2
spreadsheets,2
profitability,2
transportation,2
facilitate,2
resolution,2
exploration,2
graphical,2
tendency,2
binomial,2
optional,2
entrepreneur,2
ideation,2
positioning,2
relating,2
proposed,2
balance,2
sheet,2
return,2
certainty,2
impacts,2
audience,2
aggregate,2
handling,2
introducing,2
deterministic,2
credit,2
idea,2
vision,2
better,2
examines,2
financiers,2
intertwining,2
regional,2
institutions,2
blocks,2
considered,2
transfer,2
synthesis,2
investigated,2
individually,2
industries,2
tourism,2
investigation,2
hr,2
recruitment,2
agreements,2
continuation,2
liabilities,2
taxpayer,2
responsibilities,2
leasing,2
debt,2
immunization,2
donated,2
comprising,2
fall,2
attend,2
trip,2
toronto,2
meetings,2
ongoing,2
winter,2
patient,2
designed,2
evaluated,2
barriers,2
offering,2
explore,2
stakeholders,2
completed,2
certificate,2
predictive,2
econometric,2
opinion,2
prediction,2
utilization,2
discussions,2
integrates,2
resolve,2
globally,2
introductory,2
shaping,2
fit,2
improving,2
thinking,2
seeking,2
supported,2
csr,2
b,2
regenerative,2
cradle,2
adjusting,2
mncs,2
interconnection,2
institutional,2
remain,2
capstone,2
addition,2
implement,2
compete,2
branding,2
provided,2
medium,2
buyer,2
especially,2
expertise,2
safety,2
competencies,2
integrative,2
make,2
demand,2
able,2
explored,2
judgement,2
taxation,2
view,2
benefit,2
translation,2
enhancing,2
neutral,2
convertible,2
warrants,2
money,2
investing,2
responsible,2
alternative,2
mutual,2
help,2
limitations,2
networking,2
telecom,2
equipment,2
coding,2
paid,2
bridges,2
gap,2
eight,2
approval,2
registering,2
receives,2
member,2
pursuing,2
conduct,2
determine,2
wishes,2
interval,2
inferences,2
provincial,2
regulation,2
orientation,2
occupational,2
fiscal,2
leverage,2
indicators,2
capacity,2
deployment,2
voice,2
together,2
translating,2
localizing,2
crowdsourcing,2
payments,2
warehouses,2
platforms,2
unstructured,2
hadoop,2
sandbox,2
appliances,2
accelerate,2
grid,2
cities,2
energy,2
illustrate,2
commonly,2
advantages,2
box,2
allows,2
constraints,2
internationalization,2
expansion,2
creating,2
buying,2
diagnosis,2
causes,2
personnel,2
uncertainty,2
essentials,2
cooperative,2
attribute,2
transformation,2
participate,2
early,2
register,2
retention,2
conducted,2
charge,2
nervous,2
emotions,2
variability,2
psy,2
birth,2
evolutionary,2
motor,2
verbal,2
phenomena,2
motivational,2
obesity,2
achievement,2
biology,2
socialization,2
stereotypes,2
adulthood,2
depression,2
infancy,2
peers,2
speech,2
typical,2
postsecondary,2
obstacles,2
transition,2
synaptic,2
illness,2
cancer,2
rationale,2
aptitude,2
symbolic,2
years,2
undergraduate,2
keeping,2
disability,2
psychologists,2
provide,2
adaptation,2
performing,2
dreams,2
dream,2
heritability,2
psychiatric,2
manifestation,2
traits,2
neurobehavioural,2
deficits,2
gross,2
neuropathology,2
aphasia,2
apraxia,2
agnosia,2
alexia,2
agraphia,2
visuo,2
spatialperceptualconstruction,2
attentionneglect,2
limbic,2
callosal,2
assertion,2
conception,2
exécution,2
sous,2
direction,2
deux,2
dehors,2
domaine,2
général,2
thèse,2
rédaction,2
article,2
pour,2
incluant,2
une,2
analyse,2
littérature,2
scientifique,2
pertinente,2
homeostasis,2
hedonic,2
ontogenic,2
evolvement,2
phylogenic,2
goal,2
describe,2
unify,2
rehabilitation,2
filtering,2
mind,2
contribution,2
ecologists,2
species,2
deductive,2
inductive,2
covariation,2
heuristics,2
connectionist,2
constructs,2
measurements,2
stressors,2
anticipation,2
psychopathological,2
legitimacy,2
pragmatic,2
ended,2
adaption,2
micro,2
subjects,2
instructions,2
five,2
comprehension,2
objective,2
disabled,2
neuropharmacological,2
pathological,2
relate,2
instrumental,2
stimulus,2
aversively,2
affirmative,2
workfamily,2
flextime,2
elaboration,2
epistemological,2
explanatory,2
microcomputer,2
systematic,2
aging,2
older,2
bio,2
psycho,2
remission,2
counseling,2
tutorials,2
sujets,2
choisis,2
contemporaine,2
présentés,2
discutés,2
séminaires,2
au,2
niveau,2
supérieur,2
path,2
full,2
enabling,2
lives,2
provision,2
youth,2
regularly,2
reported,2
occasionally,2
visiting,2
transitions,2
traumas,2
violent,2
crime,2
torture,2
war,2
trauma,2
traumatic,2
disorder,2
offered,2
variable,2
without,2
approximations,2
previously,2
instead,2
encouraged,2
inequalities,2
logarithmic,2
maxima,2
upgrading,2
sns,2
grading,2
scheme,2
intermediate,2
quick,2
formulas,2
definite,2
antiderivatives,2
fractions,2
formula,2
axiom,2
quotient,2
sketching,2
equilibrium,2
phase,2
polar,2
scalar,2
ontario,2
arguments,2
contradiction,2
possible,2
equivalence,2
cardinality,2
modulo,2
supremum,2
illustrated,2
observed,2
nonparametric,2
game,2
games,2
extrema,2
lagrange,2
double,2
triple,2
lim,2
inner,2
diagonalization,2
proving,2
quadratic,2
recurrence,2
inclusion,2
exclusion,2
geometries,2
constructive,2
densities,2
moment,2
hypotheses,2
concise,2
randomness,2
abstraction,2
metric,2
uniqueness,2
equilibria,2
periodic,2
physics,2
sequence,2
diophantine,2
nearest,2
regularization,2
stratified,2
proportional,2
completely,2
split,2
plot,2
state,2
condition,2
compact,2
radon,2
nikodym,2
bounded,2
wave,2
artinian,2
vanishing,2
jacobson,2
artin,2
wedderburn,2
injective,2
flat,2
sylow,2
derived,2
holder,2
minimal,2
closure,2
cyclotomic,2
map,2
zariski,2
algebraically,2
genus,2
divisors,2
bundles,2
roch,2
bézouts,2
covering,2
eilenberg,2
steenrod,2
functor,2
cumulative,2
cantelli,2
lemmas,2
identically,2
characteristic,2
paradigm,2
connectivity,2
tours,2
edge,2
cliques,2
vertex,2
partitions,2
stopping,2
vc,2
jackknife,2
shortest,2
spanning,2
hyperbolic,2
lax,2
going,2
cryptographic,2
calculi,2
typed,2
probabilities,2
delay,2
unbiased,2
boundary,2
bias,2
estimators,2
robust,2
stratification,2
miscellaneous,2
replication,2
date,2
categories,2
supervisor,2
cet,2
contents,2
abstract,2
hashing,2
sorting,2
strings,2
constraint,2
event,2
sql,2
dependencies,2
stream,2
processor,2
template,2
library,2
derivation,2
grammars,2
recursively,2
enumerable,2
turing,2
notations,2
greedy,2
backtracking,2
sub,2
xml,2
interfaces,2
deduction,2
engines,2
cryptosystems,2
computations,2
compilers,2
processors,2
run,2
layers,2
developments,2
illumination,2
imaging,2
images,2
firewalls,2
primitives,2
load,2
cleaning,2
anomaly,2
branch,2
cutting,2
connections,2
mapping,2
kr,2
intrusion,2
ciphers,2
specification,2
capture,2
multidimensional,2
cascading,2
queries,2
walkthroughs,2
gis,2
visibility,2
spanners,2
scalability,2
usable,2
hybrid,2
layering,2
decomposable,2
eacj,2
sensor,2
entities,2
dimensionality,2
conservative,2
deadlock,2
bounds,2
exhaustive,2
hci,2
ebc,2
requiring,2
conformance,2
terms,2
ce,2
équivalent,2
failed,2
tehnological,1
produces,1
play,1
meaningful,1
scarce,1
dispersion,1
useful,1
improvement,1
excel,1
minitab,1
misuse,1
intrapreneurship,1
minorities,1
failure,1
resulting,1
steps,1
endeavors,1
price,1
diagnosing,1
predicting,1
wage,1
salary,1
distinct,1
approached,1
give,1
appreciation,1
faced,1
extends,1
conjunction,1
enhances,1
utility,1
aversion,1
offs,1
prospect,1
framing,1
asymmetry,1
audiences,1
front,1
competitiveness,1
procurement,1
purchasing,1
reverse,1
get,1
churn,1
survival,1
actual,1
crafting,1
insight,1
foresight,1
peripheral,1
understand,1
evaluates,1
merchants,1
traders,1
entrepreneurs,1
marketers,1
seekers,1
centuries,1
contributed,1
imf,1
wto,1
cnuced,1
trading,1
eu,1
nafta,1
apec,1
situations,1
disciplines,1
linked,1
synergy,1
profile,1
interculturally,1
person,1
feminine,1
monograph,1
situation,1
freedoms,1
multiculturalism,1
acculturation,1
sociology,1
consumers,1
mediated,1
sell,1
interviews,1
tactics,1
creative,1
destaffing,1
negotiation,1
rewards,1
merit,1
incentive,1
taxpayers,1
provisions,1
calculating,1
arrive,1
concentrates,1
mastery,1
accumulation,1
costing,1
assertions,1
materiality,1
auditors,1
derivates,1
duration,1
active,1
exposures,1
mutinational,1
aims,1
introduce,1
comprises,1
statutory,1
precedent,1
judicial,1
negligence,1
certain,1
land,1
tenure,1
mortgages,1
landlords,1
tenant,1
assess,1
specifically,1
turned,1
translated,1
records,1
assessed,1
green,1
analyzing,1
articulating,1
converting,1
specifications,1
alternatives,1
costbenefit,1
considerations,1
restricted,1
coach,1
searches,1
vice,1
versa,1
monitoring,1
lessons,1
learned,1
bcom,1
completing,1
telfer,1
polling,1
attained,1
prior,1
latest,1
examine,1
todays,1
pedagogically,1
utilizes,1
encourages,1
centered,1
capabilities,1
aim,1
focused,1
leveraging,1
emergent,1
webs,1
disruptive,1
propositions,1
thirty,1
encompassing,1
existing,1
organisations,1
emphasises,1
simultaneity,1
advantage,1
successful,1
funding,1
break,1
,1
beliefs,1
corps,1
carbon,1
negative,1
circular,1
exports,1
ventures,1
licensing,1
governments,1
host,1
economies,1
equitable,1
inequality,1
gaps,1
significant,1
hurdles,1
changes,1
examined,1
particularly,1
policymakers,1
sponsored,1
uses,1
highly,1
mandate,1
sponsor,1
secondary,1
gather,1
portion,1
pooled,1
reports,1
conclusion,1
known,1
michel,1
cloutier,1
changed,1
focuses,1
ever,1
technologiestools,1
visits,1
contacts,1
committed,1
seller,1
meet,1
retain,1
customers,1
expand,1
recognizes,1
workers,1
reviews,1
good,1
hazard,1
accident,1
emergency,1
preparedness,1
toxic,1
attending,1
healthsafety,1
efforts,1
wish,1
innovate,1
sustainably,1
specialists,1
know,1
inculcate,1
enable,1
employees,1
require,1
perform,1
jobs,1
maximize,1
connect,1
appraisals,1
staffingtraining,1
tradeoff,1
diagnose,1
styles,1
deliver,1
evaluate,1
hrm,1
prospective,1
acquire,1
ascertaining,1
integrate,1
previous,1
putting,1
multidisciplinary,1
ability,1
multisubject,1
engagement,1
gives,1
company,1
shareholders,1
retained,1
earnings,1
ownermanager,1
regarding,1
remuneration,1
incorporation,1
organisational,1
auditor,1
modifications,1
compliance,1
substantive,1
leases,1
consolidations,1
cash,1
relative,1
links,1
socially,1
hedge,1
commodities,1
trusts,1
awash,1
often,1
little,1
sense,1
ought,1
fashion,1
enabled,1
cyber,1
ecosystems,1
lan,1
vendors,1
providers,1
usage,1
hand,1
sites,1
directly,1
innovative,1
position,1
create,1
launch,1
spin,1
designing,1
novel,1
voluntary,1
receive,1
whereas,1
manual,1
means,1
proportions,1
societies,1
interrelations,1
workforce,1
partnerships,1
costvolumeprofit,1
towards,1
monetary,1
inflation,1
unemployment,1
makers,1
completes,1
telecommunication,1
guide,1
body,1
pmbok,1
institute,1
pmi,1
realization,1
close,1
ms,1
unstable,1
determining,1
fast,1
tracking,1
workflow,1
locating,1
centres,1
low,1
electricity,1
cold,1
air,1
cooling,1
british,1
columbia,1
québec,1
finland,1
iceland,1
sweden,1
buildings,1
banking,1
newspapers,1
download,1
standardization,1
explores,1
strategists,1
initiatives,1
toward,1
draws,1
subsystems,1
adopting,1
viewpoint,1
highlight,1
embeddedness,1
configuration,1
maintaining,1
illustration,1
jenkins,1
subjective,1
extensively,1
soundness,1
viability,1
coverage,1
raised,1
earlier,1
sections,1
conscience,1
subliminal,1
gestalt,1
taking,1
adoption,1
brand,1
loyalty,1
sociological,1
publicity,1
budgets,1
campaigns,1
formulating,1
identifying,1
preparing,1
export,1
greatest,1
penetration,1
constructing,1
achieve,1
decline,1
renewal,1
contracting,1
consultant,1
feedback,1
movement,1
negotiations,1
targets,1
productivity,1
rewarding,1
skilled,1
differentials,1
adjustment,1
published,1
deferred,1
allowances,1
gains,1
allowable,1
losses,1
inclusions,1
deductions,1
strengths,1
weaknesses,1
dependency,1
interdependency,1
yield,1
preferred,1
convertibles,1
commodity,1
portfolios,1
mortgage,1
proposal,1
operation,1
legislative,1
sole,1
proprietorship,1
partnership,1
corporation,1
manufactured,1
packaging,1
labelling,1
warranties,1
retail,1
progress,1
incentives,1
policie,1
financials,1
startup,1
franchising,1
venture,1
negociation,1
expert,1
nuclear,1
hazardous,1
food,1
additives,1
preferences,1
obtention,1
inputs,1
manager,1
layout,1
every,1
ottawa,1
competes,1
mba,1
prepares,1
placements,1
mini,1
schedule,1
september,1
judges,1
customization,1
heredity,1
inferential,1
leads,1
prejudice,1
attraction,1
old,1
age,1
documentation,1
style,1
illustrating,1
employed,1
subfields,1
genetics,1
cytology,1
mammalian,1
pathways,1
denial,1
vulnerability,1
problematic,1
grief,1
funeral,1
moral,1
adolescent,1
maturity,1
motives,1
states,1
efficacy,1
expectancy,1
outcome,1
phobias,1
handicapping,1
dimorphism,1
familial,1
identity,1
violence,1
manifestations,1
divorce,1
remarriage,1
step,1
parenting,1
childlessness,1
infertility,1
pregnancy,1
caring,1
spouse,1
elders,1
placement,1
morale,1
sensation,1
cultures,1
ethnic,1
immigrants,1
refugees,1
centred,1
late,1
dementia,1
psychologist,1
ageing,1
childrens,1
puberty,1
home,1
beings,1
prenatal,1
grammar,1
underlie,1
atypical,1
psychotropic,1
drug,1
indications,1
justice,1
forensic,1
preventive,1
protective,1
perseverance,1
dropout,1
biochemistry,1
transmission,1
reward,1
punishment,1
waking,1
representative,1
respect,1
etiology,1
biopsychosocial,1
illustrations,1
diabetes,1
origin,1
historic,1
kinds,1
beginning,1
progressing,1
preschool,1
piagetian,1
vygotskyan,1
representational,1
presents,1
overcome,1
status,1
lifestyles,1
transgendered,1
standardized,1
inventoried,1
subject,1
restrictions,1
background,1
proposition,1
would,1
foraging,1
male,1
female,1
polyandry,1
polygyny,1
parent,1
offspring,1
altruism,1
focal,1
lesions,1
delineate,1
impairments,1
sparing,1
insults,1
multilevel,1
neurobiology,1
laboratories,1
surgery,1
intracranial,1
stimulation,1
already,1
physiology,1
experiment,1
marital,1
psychodynamic,1
humanistic,1
dsm,1
signals,1
conceptualizations,1
repeated,1
procedure,1
campus,1
pharmaceutical,1
hospitals,1
credited,1
total,1
whereby,1
gain,1
base,1
attachment,1
competence,1
mathematicalinferential,1
lisrel,1
eqs,1
directions,1
acquaint,1
chronic,1
handicaps,1
judgment,1
interviewing,1
people,1
phases,1
bereavement,1
bereaved,1
euthanasia,1
untimely,1
deaths,1
membrane,1
cellular,1
invertebrates,1
vertebrates,1
neuropharmacology,1
circuits,1
mediating,1
seminartutorial,1
sectional,1
longitudinal,1
carrying,1
anxiety,1
affective,1
antecedents,1
psychoanalysis,1
modification,1
counselling,1
pyschology,1
taylor,1
constant,1
coefficients,1
faculties,1
arts,1
strongly,1
factoring,1
specified,1
zeros,1
odd,1
even,1
radian,1
ratios,1
compound,1
angle,1
formulae,1
identities,1
wise,1
multiplication,1
approximating,1
secants,1
tangents,1
graphing,1
interpolate,1
extrapolate,1
intuitive,1
quotients,1
lhospitals,1
substitutions,1
mid,1
trapezoidal,1
simpsons,1
eulers,1
emphasizing,1
intuition,1
normals,1
logarithm,1
cobwebbing,1
indefinite,1
portrait,1
concavity,1
inflection,1
cartesian,1
dot,1
parallelograms,1
volume,1
parallelepipeds,1
intersections,1
unknowns,1
prerequisite,1
pigeonhole,1
whenever,1
included,1
histograms,1
boxplot,1
deviation,1
underpinning,1
chance,1
demonstrated,1
poker,1
texas,1
holdem,1
gaming,1
ancient,1
varies,1
chaos,1
see,1
clairaut,1
schwarz,1
multipliers,1
spherical,1
cylindrical,1
coordinates,1
curl,1
stokess,1
divergence,1
gausss,1
infimum,1
sup,1
inf,1
r¢n,1
heine,1
complement,1
subspaces,1
transpose,1
multilinear,1
cyclic,1
cosets,1
lagrange’s,1
abelian,1
stokes,1
minimization,1
informal,1
paradoxes,1
encoding,1
zorns,1
moments,1
gaussian,1
engineers,1
paired,1
biosciences,1
babylonians,1
egyptians,1
greeks,1
seen,1
infinitely,1
contraction,1
weierstrass,1
laurent,1
residue,1
conformal,1
orbits,1
ideal,1
annihilators,1
pid,1
homotopies,1
winding,1
farey,1
fermat,1
wilson,1
residues,1
primitive,1
continued,1
primes,1
theoretic,1
branching,1
legendre,1
bessel,1
sturm,1
liouville,1
schur,1
qr,1
lu,1
cholesky,1
inverses,1
cayley,1
eigenvalue,1
gershgorin,1
circle,1
rayleigh,1
hamming,1
bch,1
syntax,1
logics,1
computability,1
k,1
neighbours,1
naïve,1
size,1
simultaneous,1
detrending,1
autoregressive,1
arma,1
stationarity,1
seasonality,1
lagged,1
input,1
coefficient,1
secant,1
bisection,1
seidel,1
jacobi,1
sor,1
interpolation,1
come,1
unbounded,1
heat,1
schur’s,1
solvable,1
nilpotent,1
correspondence,1
coverings,1
cartan,1
homogeneous,1
metrisation,1
differentiable,1
philosophy,1
extension,1
relativity,1
characters,1
irreducible,1
induced,1
polyas,1
steiner,1
posets,1
lattices,1
signal,1
actuarial,1
snell,1
envelope,1
markovitz,1
black,1
scholes,1
european,1
reproducing,1
pac,1
manifold,1
boosting,1
rejection,1
monte,1
carlo,1
chains,1
logit,1
multiway,1
drawn,1
unconstrained,1
convexity,1
coercivity,1
constrained,1
projection,1
kuhn,1
tucker,1
uzawa,1
write,1
hisher,1
bipartite,1
rooted,1
wz,1
inversions,1
singularity,1
asymptotics,1
hypergeometric,1
daniell,1
stone,1
alaoglus,1
riesz,1
stabilityinvariant,1
bifurcations,1
dynamicsthis,1
soboloev,1
milgram,1
galerkin,1
parabolic,1
reaction,1
infinite,1
regularity,1
schurs,1
prime,1
spectrum,1
krull,1
dependence,1
noether,1
morphisms,1
homotopy,1
net,1
filter,1
rsa,1
diffie,1
hellman,1
gentzens,1
cut,1
henkin,1
undecidability,1
permitting,1
interests,1
instructor,1
polymorphically,1
untyped,1
curry,1
howard,1
rewriting,1
assignment,1
mathcomp,1
queueing,1
packet,1
loss,1
blocking,1
pure,1
uniformly,1
powerful,1
fiducial,1
floating,1
pointing,1
von,1
neumann,1
courant,1
friedrichs,1
lewy,1
element,1
pseudo,1
massive,1
datasets,1
intensive,1
classifiers,1
misclassification,1
stationary,1
steepest,1
descent,1
watsons,1
wkb,1
umvu,1
fishers,1
cramer,1
rao,1
pivotals,1
score,1
goodness,1
unequal,1
replacement,1
unified,1
multistage,1
rank,1
estimable,1
regions,1
minque,1
anova,1
orthogonality,1
randomization,1
confounding,1
nominal,1
symmetry,1
marginal,1
homogeneity,1
ordered,1
margins,1
agreement,1
bits,1
entanglement,1
observables,1
mechanics,1
gates,1
shors,1
lossless,1
jpeg,1
mpeg,1
filters,1
daubechies,1
wavelets,1
experimenters,1
prepare,1
affording,1
governmental,1
sponsors,1
assigned,1
determined,1
approx,1
another,1
appointed,1
normally,1
examen,1
porte,1
contenu,1
examenn,1
lexamen,1
corrigé,1
par,1
qui,1
enseignent,1
lannée,1
académique,1
prescribe,1
advisory,1
tac,1
six,1
months,1
expectations,1
source,1
descriptions,1
preconditions,1
postconditions,1
invariants,1
cryptographical,1
balanced,1
traversal,1
entity,1
embedded,1
java,1
pointers,1
io,1
pre,1
macros,1
templates,1
interfacing,1
professionalism,1
kleenes,1
output,1
pumping,1
pushdown,1
determinism,1
decidability,1
halting,1
worst,1
brute,1
divide,1
conquer,1
p,1
scripting,1
cpu,1
mass,1
storage,1
inputoutput,1
browsers,1
viruses,1
engine,1
structuring,1
html,1
cookies,1
church,1
recursion,1
informed,1
adversarial,1
indexing,1
browser,1
server,1
side,1
notion,1
assumption,1
hardness,1
trap,1
door,1
pseudorandom,1
generators,1
publicprivate,1
schemes,1
indistinguishable,1
unpredictability,1
signature,1
zero,1
knowledgeinteractive,1
asynchronous,1
synchronous,1
preprocessors,1
translators,1
compile,1
symbol,1
diagnostics,1
layered,1
hierarchies,1
distinctive,1
ccs,1
csp,1
assembly,1
gene,1
string,1
pairwise,1
grammatical,1
protein,1
chips,1
pipeline,1
viewing,1
color,1
pictures,1
enhancement,1
restoration,1
feature,1
picture,1
awareness,1
sniffers,1
attack,1
detectors,1
warfare,1
mpi,1
openmp,1
partitioning,1
exceptions,1
exception,1
synchronisation,1
assisted,1
outlier,1
reinforcement,1
sensitivity,1
interior,1
posted,1
preceding,1
scheduled,1
materialized,1
heterogeneous,1
metadata,1
schema,1
concerned,1
representing,1
anonymity,1
secret,1
defending,1
attacks,1
decryption,1
entropy,1
equivocation,1
unicity,1
cryptanalysis,1
transposition,1
lattice,1
homomorphic,1
testability,1
grey,1
precise,1
generative,1
inheritance,1
continuations,1
reflection,1
integrity,1
signatures,1
infrastructures,1
vulnerabilities,1
hosts,1
protecting,1
assessing,1
lead,1
persistence,1
van,1
emde,1
boas,1
tries,1
heaps,1
lowest,1
ancestor,1
heuristic,1
inspections,1
experimentation,1
users,1
lifecycle,1
geographic,1
raster,1
quadtrees,1
files,1
elevation,1
triangular,1
irregular,1
molecular,1
genomic,1
rearrangement,1
phylogenetic,1
proteomics,1
systemics,1
whole,1
cell,1
theta,1
yao,1
separated,1
pair,1
delaunay,1
triangulations,1
cops,1
robbers,1
division,1
switching,1
sequencing,1
semi,1
programmers,1
clusters,1
gpus,1
portability,1
bioinformatics,1
detecting,1
correcting,1
fail,1
safe,1
version,1
checkpointing,1
static,1
ip,1
lanspans,1
spreadspectrum,1
sysc,1
splines,1
subdivision,1
hierarchical,1
bidirectional,1
reflectance,1
ray,1
tracing,1
radiosity,1
plenoptic,1
kinematics,1
editing,1
retargeting,1
flexible,1
bodies,1
particle,1
behavioral,1
facial,1
cloth,1
organized,1
broadcasting,1
posteriori,1
ml,1
sum,1
junction,1
fitting,1
maximization,1
em,1
eagj,1
worlds,1
kinematic,1
fusion,1
anthropomorphic,1
avatars,1
scripts,1
interplay,1
abstracting,1
mechanism,1
rather,1
systemsimplementations,1
handle,1
massivebig,1
arising,1
sensors,1
locality,1
sensitive,1
recommendation,1
generalization,1
online,1
curse,1
list,1
optimistic,1
vs,1
warp,1
hla,1
rti,1
chromatic,1
upper,1
robotics,1
removal,1
amidst,1
convex,1
hulls,1
polygon,1
triangulation,1
enumeration,1
subsets,1
hard,1
knapsack,1
clique,1
cover,1
metaheuristic,1
isomorph,1
polyhedral,1
combinatorics,1
activity,1
audio,1
temporal,1
steganography,1
robustness,1
imperceptibility,1
copy,1
lans,1
consumption,1
multicasting,1
iptcp,1
protocoltransmission,1
mobility,1
speed,1
atm,1
optical,1
relief,1
payment,1
medicine,1
fraud,1
autonomous,1
vehicles,1
sentiment,1
similar,1
prototypes,1
lisp,1
prolog,1
journals,1
classifier,1
swarm,1
connectionism,1
neighbor,1
discriminants,1
substrings,1
subsequences,1
shape,1
character,1
coordination,1
leader,1
election,1
consensus,1
atomicity,1
passing,1
remote,1
tasking,1
reconfiguration,1
tuning,1
verifying,1
testable,1
scenario,1
forces,1
tradeoffs,1
containers,1
accessibility,1
nlp,1
ones,1
text,1
categorization,1
summarization,1
preprocessing,1
frequent,1
added,1
computerized,1
deterministicstochastic,1
fixedvariable,1
continuousdiscretized,1
ergodicabsorbing,1
estimator,1
grades,1
obtained,1
evaluations,1
twice,1
reuse,1
traceability,1
carry,1
document,1
generally,1
defining,1
outlining,1
submitted,1
successfully,1
defended,1
assembled,1
approve,1
typically,1
occurs,1
conditionally,1
extra,1
unconditionally,1
retaken,1
